computerPower,downSpeed,Label1,Label2
30.240000,4.240000,1.0,0.0
33.240000,44.240000,1.0,0.0
33.240000,44.240000,0.0,1.0
